label,prediction
0.0,1127.9360123714755
560.0,940.9589156429636
600.0,818.1914236579827
0.0,970.6446147193668
0.0,884.0960718376334
0.0,1152.622706496242
2958.0,872.9573355762398
0.0,839.9192875237195
1200.0,889.8081404125892
0.0,59115.90680728029
