label,prediction
0.0,837.6892101722614
560.0,820.3372893211736
600.0,816.7663270195507
0.0,826.7003695938585
0.0,816.7663270195507
0.0,847.6863665741816
2958.0,816.7663270195507
0.0,816.7663270195507
1200.0,816.7663270195507
0.0,13656.574586034758
