Model,RMSE,R2
Linear Regression,3.3035840997195017E7,4.8308810493657983E-4
GBT Regression,3.3250641238530535E7,-0.012556958676893215
